count,mean,std,min,25%,50%,75%,max
223414.0,60.52766165056801,17.9959274285625,0.0,49.0,62.0,74.0,110.0
