label,prevalence
Lung Opacity,0.6781177544827093
Enlarged Cardiomediastinum,0.6444090343487875
Support Devices,0.6085563124960836
Atelectasis,0.5546832338170392
Cardiomegaly,0.5457178153562444
Consolidation,0.4799564933262911
Pleural Effusion,0.4639369063711316
Edema,0.42239967056675054
Fracture,0.27612414620390846
Pneumonia,0.23376332727581978
No Finding,0.15901420680888395
Lung Lesion,0.1388767042351867
Pleural Other,0.1178305746282686
Pneumothorax,0.1134172433240531
